aX,aY,aZ,gX,gY,gZ
0.074,1.072,0.350,-38.025,3.845,-4.211
0.119,0.987,0.255,-26.733,7.751,-7.751
0.131,0.791,0.176,20.203,0.000,-7.080
0.075,0.807,0.284,55.054,7.263,-0.244
0.037,0.972,0.260,51.331,14.832,2.380
0.034,1.123,0.208,33.875,19.714,-1.892
0.081,1.130,0.244,30.518,26.733,-4.761
0.165,1.083,0.281,42.480,29.541,-0.122
0.256,0.968,0.273,65.186,24.170,4.700
0.469,0.464,0.355,85.999,17.700,3.418
0.613,0.276,0.898,86.243,2.563,-4.395
0.369,0.553,0.596,39.795,-23.560,-6.592
0.108,0.766,0.130,4.272,-24.963,-5.981
-0.020,1.005,0.245,-30.151,-15.198,-5.920
-0.040,1.066,0.278,-28.931,-7.507,-9.338
0.104,0.963,0.324,-15.625,-3.662,-7.751
0.248,1.052,0.321,-5.493,-0.061,-1.526
0.202,1.010,0.327,8.972,-3.784,-0.793
0.134,0.832,0.344,23.804,-3.967,-2.197
0.174,0.724,0.341,28.137,-2.991,-1.343
0.204,0.731,0.361,16.357,-1.404,-2.319
0.179,0.808,0.342,1.221,0.610,-4.333
0.161,0.934,0.348,-7.263,2.380,-4.700
0.171,0.974,0.365,-5.127,2.014,-3.601
0.180,0.902,0.373,2.563,-0.732,-1.404
0.161,0.854,0.369,6.226,-2.625,-0.549
0.147,0.855,0.374,3.601,-3.113,-1.404
0.142,0.871,0.370,-0.549,-3.174,-2.319
0.144,0.898,0.364,-2.930,-2.136,-1.648
0.147,0.923,0.364,-3.174,-1.404,-0.671
0.154,0.920,0.374,-0.610,-1.160,0.183
0.157,0.880,0.380,4.700,-1.831,1.221
0.153,0.848,0.388,5.432,-1.648,1.038
0.150,0.858,0.384,2.014,-1.160,0.916
0.141,0.887,0.375,-1.892,-0.671,1.038
0.137,0.905,0.380,-3.174,-0.305,0.732
0.149,0.901,0.382,-2.258,-0.305,0.854
0.162,0.881,0.391,-0.366,-1.221,1.404
0.155,0.851,0.378,1.465,-2.747,1.465
0.141,0.848,0.390,2.441,-3.052,1.526
0.139,0.862,0.363,2.258,-1.770,2.075
0.149,0.895,0.360,1.465,-0.488,2.441
0.161,0.900,0.355,1.770,-0.183,2.625
0.162,0.886,0.362,4.272,-0.244,2.869
0.157,0.861,0.371,5.188,-0.488,3.174
0.157,0.842,0.375,4.333,-0.854,2.991
0.154,0.844,0.368,1.953,-1.099,2.319
0.153,0.866,0.376,-1.038,-0.916,1.160
0.160,0.885,0.369,-2.502,-1.404,0.977
0.153,0.880,0.370,-2.625,-2.014,1.221
0.147,0.878,0.376,-2.686,-1.953,1.099
0.149,0.870,0.371,-1.709,-1.587,1.404
0.153,0.872,0.368,-0.366,-1.038,2.014
0.154,0.871,0.377,0.244,-0.488,1.892
0.156,0.869,0.372,0.671,-0.488,1.770
0.157,0.863,0.373,0.183,0.000,1.709
0.160,0.873,0.377,-0.366,0.000,1.526
0.160,0.878,0.368,-0.183,-0.305,1.953
0.157,0.865,0.373,0.122,-0.671,2.075
0.153,0.859,0.379,-0.122,-0.732,1.404
0.153,0.856,0.372,0.061,-0.488,1.465
0.156,0.858,0.374,-0.244,-0.305,1.648
0.159,0.873,0.370,-0.732,-0.122,1.404
0.159,0.876,0.369,-0.793,-0.427,1.587
0.099,0.951,0.277,-18.250,8.728,-1.221
0.053,0.953,0.230,-11.047,10.803,-0.732
0.060,0.955,0.210,-2.075,16.113,-1.282
0.089,0.943,0.263,17.944,18.555,-1.648
0.066,0.966,0.276,38.696,12.939,-0.305
0.041,0.949,0.245,45.959,7.019,-1.465
0.034,0.931,0.259,45.776,6.958,-5.371
0.049,0.934,0.294,43.274,9.460,-10.376
0.108,0.943,0.245,44.128,10.315,-11.108
0.151,0.946,0.257,49.438,14.404,-9.888
0.162,0.997,0.210,62.195,12.268,-6.836
0.251,0.850,0.195,58.960,12.512,-5.310
0.505,0.564,0.447,52.246,9.766,-7.446
0.635,0.624,0.719,47.180,2.258,-6.714
0.266,0.988,0.282,34.485,-11.108,-2.686
-0.047,1.038,0.215,15.320,-10.254,0.305
-0.082,0.903,0.278,9.583,-9.033,1.465
0.067,0.884,0.395,6.470,-1.099,2.258
0.188,0.883,0.345,3.723,-1.648,3.601
0.160,0.964,0.352,2.502,-0.549,2.869
0.109,0.982,0.310,7.812,-2.563,2.625
0.119,0.879,0.336,16.113,-2.930,2.686
0.136,0.781,0.314,18.127,-2.686,1.709
0.129,0.805,0.339,9.705,-0.549,-1.038
0.135,0.891,0.351,1.892,0.793,-2.930
0.155,0.913,0.349,0.732,-0.183,-3.052
0.163,0.901,0.361,2.502,-1.282,-2.014
0.145,0.892,0.346,3.662,-2.319,-0.610
0.125,0.884,0.357,2.197,-2.380,-0.366
0.126,0.899,0.356,-0.122,-2.625,0.061
0.120,0.903,0.345,-0.610,-2.441,0.732
0.112,0.906,0.344,0.854,-1.770,1.587
0.111,0.895,0.357,2.075,-0.977,1.709
0.117,0.892,0.333,3.906,-0.549,1.648
0.126,0.905,0.358,2.808,0.427,1.221
0.134,0.912,0.351,2.380,-0.244,2.014
0.124,0.893,0.353,2.747,-0.916,2.502
0.120,0.897,0.360,2.991,-0.854,1.526
0.127,0.897,0.369,2.808,-0.977,1.587
0.134,0.875,0.370,3.296,-1.465,1.892
0.123,0.874,0.368,2.747,-1.648,1.953
0.110,0.880,0.361,2.625,-1.221,2.136
0.114,0.898,0.341,3.296,0.183,2.625
0.125,0.897,0.346,4.883,1.038,2.502
0.134,0.883,0.342,7.385,1.221,2.625
0.141,0.888,0.361,7.690,1.404,2.747
0.143,0.867,0.348,7.263,0.488,2.502
0.133,0.855,0.353,5.920,0.061,2.258
0.132,0.865,0.351,2.930,-0.305,1.709
0.139,0.874,0.359,0.732,-0.427,1.587
0.136,0.885,0.351,-0.183,-0.793,2.014
0.127,0.890,0.358,-0.183,-1.099,1.648
0.125,0.891,0.363,0.305,-1.160,1.221
0.132,0.872,0.371,1.160,-1.160,1.709
0.133,0.850,0.370,2.197,-1.526,1.831
0.125,0.864,0.370,2.136,-1.526,1.526
0.120,0.880,0.364,2.258,-0.977,1.221
0.128,0.868,0.369,2.747,-0.122,0.732
0.144,0.864,0.369,2.625,0.122,0.671
0.140,0.866,0.358,2.380,-0.122,0.610
0.134,0.884,0.367,1.404,0.427,0.366
0.136,0.889,0.367,1.526,0.061,0.793
0.130,0.870,0.364,2.747,-0.183,0.916
0.129,0.869,0.363,3.052,-0.122,0.671
0.071,0.924,0.392,-0.183,-0.854,-7.385
0.068,0.830,0.423,30.945,-1.953,-6.226
0.050,0.765,0.375,51.880,-2.563,-5.371
-0.009,0.838,0.229,47.241,-4.700,-10.193
-0.038,1.075,0.125,30.701,6.165,-15.564
-0.025,1.214,0.103,22.278,17.395,-15.625
0.017,1.145,-0.003,39.917,24.536,-13.855
0.110,1.178,0.017,62.683,37.720,-4.272
0.412,0.922,0.089,67.200,45.654,7.202
0.811,0.382,0.609,77.698,31.433,9.705
0.515,0.510,0.645,75.439,0.977,8.118
-0.030,0.743,0.382,33.325,-10.803,3.967
-0.107,0.592,0.323,-3.174,-20.203,-5.493
-0.074,0.960,0.374,-20.752,-3.723,-7.935
0.115,1.053,0.409,-31.494,2.502,-4.272
0.184,1.065,0.344,-17.883,3.052,-0.244
0.122,1.026,0.339,-3.052,-0.183,1.587
0.068,0.921,0.324,11.780,-0.122,1.282
0.104,0.818,0.328,15.747,0.916,1.953
0.139,0.807,0.363,12.146,4.089,2.197
0.104,0.868,0.368,2.991,5.615,0.793
0.106,0.954,0.350,-1.343,4.456,-0.916
0.148,0.946,0.366,1.343,1.160,-0.366
0.126,0.862,0.370,6.653,-3.479,0.549
0.093,0.835,0.384,5.310,-5.188,0.061
0.078,0.882,0.382,-0.793,-3.723,-0.061
0.061,0.903,0.341,-2.808,-1.526,-0.610
0.082,0.939,0.345,-1.953,1.709,0.061
0.126,0.936,0.362,1.465,2.563,1.587
0.138,0.865,0.362,2.747,0.061,1.770
0.129,0.882,0.345,0.793,-0.610,1.343
0.111,0.919,0.352,-1.831,-0.488,1.221
0.117,0.919,0.365,-1.160,-0.854,1.648
0.124,0.894,0.364,0.488,-2.136,1.892
0.113,0.885,0.379,0.427,-2.502,1.526
0.108,0.884,0.386,-1.099,-2.441,1.587
0.116,0.886,0.369,-1.709,-2.869,1.892
0.114,0.906,0.365,-0.854,-2.991,2.136
0.107,0.909,0.364,1.587,-2.747,2.930
0.108,0.885,0.360,4.700,-2.380,3.540
0.111,0.872,0.352,5.859,-1.587,3.723
0.114,0.882,0.347,4.700,-0.671,3.296
0.126,0.883,0.360,2.930,-0.122,2.869
0.128,0.872,0.356,3.296,-0.854,2.869
0.120,0.868,0.348,3.967,-1.221,2.808
0.118,0.891,0.357,2.563,-1.587,2.869
0.117,0.889,0.353,2.197,-2.197,2.441
0.110,0.880,0.365,2.625,-2.014,2.380
0.103,0.877,0.354,3.052,-1.587,2.319
0.105,0.881,0.359,2.502,-1.038,1.892
0.110,0.887,0.361,1.953,-0.854,1.282
0.110,0.879,0.357,2.991,-1.465,1.038
0.107,0.869,0.357,3.174,-1.404,0.793
0.112,0.867,0.362,2.075,-1.526,0.427
0.114,0.858,0.358,1.648,-1.648,0.488
0.111,0.865,0.353,1.892,-1.526,0.488
0.115,0.883,0.352,1.160,-1.160,0.427
0.113,0.888,0.350,1.282,-1.587,0.671
0.109,0.882,0.367,1.953,-1.648,0.549
0.108,0.861,0.360,3.296,-1.953,0.488
0.108,0.865,0.360,2.808,-1.831,0.122
0.112,0.883,0.358,1.221,-1.465,-0.122
0.113,0.887,0.363,1.160,-1.526,-0.061
0.110,0.880,0.353,1.648,-1.526,-0.183
0.044,1.028,0.312,-20.935,8.789,-2.930
0.002,0.943,0.247,-1.831,8.179,-5.005
0.009,0.820,0.303,21.423,8.301,-4.089
0.045,0.768,0.425,36.133,9.949,-3.906
0.045,0.824,0.322,36.194,7.263,-5.615
0.006,0.924,0.227,28.809,7.019,-13.733
0.022,1.008,0.221,28.503,12.878,-17.273
0.072,1.055,0.147,39.246,15.503,-13.306
0.195,0.989,0.149,49.805,22.705,-8.850
0.455,0.774,0.246,57.312,23.193,-4.211
0.723,0.732,0.594,61.951,17.700,-0.244
0.401,0.900,0.617,55.420,-8.301,3.174
0.013,0.763,0.319,34.790,-19.653,5.554
-0.037,0.717,0.295,15.503,-21.729,4.639
-0.069,0.962,0.339,-1.160,-12.268,-0.427
-0.021,0.986,0.339,-11.414,-0.244,1.343
0.054,1.011,0.312,-4.333,5.310,3.235
0.096,0.965,0.316,4.944,7.935,3.723
0.130,0.901,0.289,12.695,6.104,2.625
0.147,0.850,0.309,13.306,4.211,1.770
0.124,0.879,0.342,9.399,3.235,1.038
0.094,0.912,0.357,3.967,2.319,0.305
0.093,0.900,0.361,3.235,0.061,0.305
0.091,0.866,0.379,4.517,-2.380,0.427
0.084,0.845,0.375,3.479,-4.089,0.305
0.079,0.855,0.386,-0.977,-4.578,-0.244
0.076,0.880,0.381,-3.540,-3.479,-1.160
0.071,0.911,0.357,-2.075,-2.258,-1.160
0.085,0.919,0.360,0.183,0.366,0.244
0.107,0.923,0.347,3.723,0.488,0.793
0.115,0.894,0.343,5.676,-0.122,1.099
0.105,0.884,0.349,5.249,-0.610,1.587
0.094,0.894,0.349,3.479,-1.038,1.404
0.094,0.904,0.358,2.197,-1.221,1.404
0.102,0.896,0.371,3.174,-1.648,1.282
0.103,0.866,0.368,4.333,-2.380,1.526
0.092,0.852,0.368,3.662,-2.563,1.648
0.093,0.875,0.380,0.854,-2.136,1.160
0.108,0.896,0.381,0.061,-1.892,0.916
0.108,0.905,0.364,0.793,-1.404,1.038
0.100,0.893,0.356,2.747,-0.854,1.099
0.101,0.884,0.367,4.333,-0.061,0.977
0.114,0.882,0.355,4.456,0.366,0.671
0.117,0.871,0.359,3.235,0.427,0.610
0.109,0.882,0.354,1.648,0.000,0.610
0.104,0.891,0.366,1.038,-0.305,0.732
0.102,0.868,0.359,1.892,-0.916,0.549
0.096,0.876,0.359,2.075,-0.732,0.488
0.100,0.886,0.367,0.732,-0.122,-0.122
0.108,0.879,0.370,1.404,-0.366,-0.183
0.111,0.879,0.377,1.038,-0.671,0.122
0.112,0.888,0.369,0.671,-0.916,0.122
0.106,0.887,0.358,0.793,-0.854,-0.183
0.100,0.881,0.363,0.732,-0.610,0.183
0.099,0.877,0.360,0.610,-0.122,0.549
0.103,0.879,0.355,0.610,-0.244,0.793
0.100,0.883,0.362,0.732,-0.549,0.671
0.093,0.889,0.360,1.892,-0.732,0.671
0.093,0.884,0.372,2.380,-0.732,0.732
0.098,0.878,0.366,2.319,-0.732,0.732
0.096,0.873,0.359,2.258,-1.160,0.427
0.093,0.876,0.369,1.892,-0.793,0.000
0.099,0.876,0.357,1.770,-0.671,0.610
0.103,0.872,0.355,1.160,-0.244,0.488
0.048,0.913,0.235,-6.348,5.798,-10.132
0.025,0.799,0.365,28.870,7.385,-6.470
0.034,0.787,0.364,45.044,6.714,-2.747
0.039,0.841,0.313,36.743,4.883,-5.127
0.014,0.961,0.260,21.729,11.047,-7.690
0.019,1.041,0.231,17.029,12.878,-8.423
0.076,1.039,0.251,28.320,12.756,-7.874
0.139,0.978,0.147,45.105,12.207,-4.456
0.235,0.885,0.170,56.458,13.733,-3.784
0.532,0.655,0.431,50.842,16.724,-3.845
0.525,0.697,0.719,47.913,0.610,-2.930
0.050,0.971,0.380,39.429,-11.353,-2.075
-0.073,0.885,0.292,15.930,-12.451,1.709
-0.058,0.848,0.280,11.780,-10.132,0.183
0.039,0.834,0.423,3.296,1.160,1.099
0.100,0.872,0.309,-2.075,1.282,0.977
0.094,1.013,0.324,-8.545,4.395,-0.061
0.069,1.068,0.294,-0.732,5.371,-0.610
0.085,0.946,0.326,14.282,3.479,1.587
0.118,0.811,0.332,23.987,2.136,1.648
0.102,0.817,0.359,18.555,1.404,0.305
0.076,0.872,0.375,6.287,1.099,-1.038
0.084,0.881,0.371,1.221,-0.549,-1.221
0.088,0.882,0.356,1.953,-2.136,-1.770
0.085,0.907,0.380,1.648,-2.808,-1.038
0.078,0.909,0.367,1.038,-3.418,-0.061
0.063,0.887,0.359,1.221,-2.686,0.061
0.077,0.900,0.378,0.305,-1.526,-0.061
0.099,0.880,0.372,0.610,-1.648,-0.244
0.100,0.859,0.352,0.732,-2.197,0.305
0.083,0.898,0.358,-2.991,-1.770,-0.366
0.080,0.937,0.363,-4.028,-1.343,-1.038
0.087,0.920,0.346,-0.732,-1.160,-0.549
0.085,0.888,0.352,2.502,-0.977,-0.061
0.087,0.880,0.362,3.052,-0.916,-0.122
0.097,0.887,0.379,2.075,-1.099,-0.427
0.100,0.892,0.359,3.052,-1.648,-0.122
0.094,0.897,0.373,3.723,-2.319,0.366
0.091,0.887,0.363,4.456,-2.625,0.793
0.092,0.885,0.360,3.662,-1.953,1.221
0.090,0.883,0.365,3.052,-1.160,1.099
0.092,0.876,0.354,3.845,-0.977,1.465
0.094,0.889,0.360,2.869,0.061,1.831
0.095,0.897,0.352,2.930,0.122,1.892
0.094,0.897,0.353,3.723,0.488,1.831
0.095,0.887,0.360,4.089,0.305,1.831
0.094,0.877,0.367,3.723,0.000,1.282
0.087,0.867,0.372,2.808,-0.427,0.549
0.087,0.865,0.378,1.465,-0.916,0.305
0.089,0.864,0.362,0.671,-1.404,-0.305
0.089,0.875,0.369,-0.916,-1.160,-0.488
0.088,0.887,0.373,-1.770,-0.488,-0.122
0.087,0.884,0.365,-0.671,0.122,0.183
0.091,0.883,0.360,0.610,0.854,0.427
0.096,0.887,0.368,1.038,0.854,0.488
0.098,0.880,0.366,1.709,0.488,0.488
0.094,0.875,0.366,1.526,0.122,0.366
0.089,0.888,0.369,0.244,-0.122,0.122
0.087,0.890,0.366,0.000,-0.305,-0.244
0.090,0.879,0.365,0.671,-0.366,-0.122
0.094,0.880,0.368,0.793,-0.366,-0.427
0.091,0.866,0.376,1.038,-0.549,-0.244
0.083,0.867,0.358,1.160,-0.122,0.061
0.090,0.892,0.359,-0.793,1.099,-0.549
0.021,0.923,0.349,-5.554,7.324,-4.578
0.008,0.884,0.331,14.587,7.568,-5.249
0.024,0.838,0.331,23.987,7.751,-4.517
0.032,0.766,0.336,26.184,6.226,-4.883
0.018,0.807,0.357,20.813,2.747,-8.972
-0.012,0.984,0.373,19.836,4.272,-15.747
0.053,1.047,0.229,19.775,12.817,-20.508
0.134,0.962,0.182,24.170,9.338,-18.555
0.118,1.013,0.088,60.059,9.399,-9.155
0.206,0.992,0.135,69.580,22.095,-2.441
0.515,0.766,0.255,55.908,25.330,0.854
0.573,0.808,0.669,55.420,8.118,2.502
0.085,0.907,0.385,52.307,-15.991,4.761
-0.081,0.741,0.325,29.480,-15.869,6.897
-0.078,0.805,0.282,14.893,-16.296,3.052
-0.020,0.932,0.409,-2.197,-3.296,1.587
0.065,0.983,0.305,-7.202,-2.197,3.601
0.058,0.984,0.337,-0.610,-0.427,3.357
0.015,0.903,0.290,12.512,1.343,1.953
0.047,0.884,0.339,18.188,3.418,1.587
0.116,0.844,0.370,16.235,3.967,0.793
0.119,0.818,0.358,11.963,2.319,-0.793
0.072,0.861,0.365,4.578,2.075,-2.258
0.071,0.924,0.373,-1.953,1.587,-2.930
0.095,0.917,0.372,-3.662,0.000,-2.136
0.086,0.890,0.387,-1.404,-2.319,-0.793
0.072,0.899,0.391,-0.183,-4.211,-1.038
0.054,0.896,0.382,-0.305,-5.066,-1.892
0.047,0.876,0.362,-0.732,-3.601,-2.136
0.067,0.905,0.358,-1.831,-1.221,-1.953
0.090,0.918,0.356,-2.808,0.061,-1.526
0.093,0.891,0.347,-1.831,-0.366,-0.977
0.087,0.902,0.351,0.061,-0.549,-0.122
0.080,0.904,0.352,2.136,-0.610,0.366
0.088,0.897,0.352,2.991,-0.610,0.732
0.084,0.898,0.359,3.479,-0.671,0.977
0.076,0.897,0.366,3.723,-0.427,1.465
0.078,0.894,0.367,4.028,-0.977,1.526
0.088,0.884,0.380,4.089,-1.465,1.831
0.086,0.862,0.380,4.517,-2.563,1.892
0.081,0.864,0.369,2.563,-2.441,1.526
0.077,0.895,0.356,-0.427,-1.709,0.977
0.077,0.911,0.350,-1.770,-0.793,0.366
0.083,0.893,0.352,0.854,-0.244,0.244
0.086,0.880,0.342,4.578,0.000,0.793
0.089,0.880,0.360,4.578,0.244,0.671
0.092,0.877,0.359,3.662,0.122,0.366
0.089,0.874,0.369,2.930,0.061,0.366
0.085,0.880,0.364,2.991,-0.671,0.244
0.087,0.880,0.370,2.014,-0.854,0.183
0.090,0.883,0.370,0.427,-0.732,0.000
0.088,0.890,0.367,-0.244,-0.916,-0.061
0.080,0.894,0.368,0.793,-0.916,-0.122
0.079,0.885,0.366,1.282,-0.854,-0.427
0.084,0.882,0.363,0.916,-0.305,-0.610
0.084,0.880,0.356,0.366,0.061,-0.244
0.087,0.882,0.357,-0.122,0.183,-0.549
0.083,0.892,0.368,-0.305,0.061,-0.427
0.080,0.879,0.385,-0.183,-0.488,-0.671
0.073,0.862,0.358,0.977,-1.038,-0.732
0.073,0.887,0.363,-0.244,-0.427,-0.732
0.080,0.896,0.361,-0.671,-0.305,-0.916
0.081,0.888,0.361,0.427,-0.427,-0.793
0.076,0.876,0.372,0.977,-0.549,-0.854
-0.003,0.916,0.283,-6.836,4.211,-6.287
-0.013,0.839,0.355,20.325,7.568,-4.883
0.010,0.783,0.373,32.349,9.949,-3.967
0.014,0.810,0.299,30.090,5.310,-7.263
-0.024,0.953,0.276,24.902,7.812,-14.771
-0.028,1.119,0.234,24.963,16.052,-16.296
0.079,1.158,0.212,33.447,21.240,-13.611
0.175,0.955,0.156,44.189,10.986,-8.362
0.267,0.700,0.168,63.538,11.292,-7.996
0.583,0.587,0.448,61.279,13.672,-6.531
0.558,0.798,0.681,52.307,-3.357,-1.404
0.031,0.979,0.396,26.428,-16.846,-1.465
-0.117,0.892,0.323,10.437,-15.442,1.282
-0.088,0.831,0.306,6.897,-15.198,1.038
-0.009,0.884,0.378,-3.723,-1.709,1.038
0.069,0.975,0.309,-8.118,-0.244,1.038
0.055,1.039,0.304,0.488,1.953,1.526
0.037,0.980,0.306,15.076,2.197,1.099
0.083,0.889,0.321,23.315,1.709,0.610
0.131,0.823,0.350,20.813,0.000,-0.305
0.108,0.834,0.354,11.292,-1.770,-1.770
0.059,0.894,0.372,1.831,-2.258,-2.380
0.046,0.911,0.379,-0.977,-2.197,-2.014
0.049,0.855,0.358,1.648,-2.441,-1.221
0.051,0.851,0.363,0.854,-2.319,-1.404
0.063,0.922,0.367,-1.526,-1.587,-1.282
0.064,0.952,0.368,-1.404,-0.977,-1.038
0.072,0.912,0.345,1.953,-1.404,-0.061
0.073,0.879,0.360,3.296,-1.770,0.183
0.067,0.876,0.349,1.770,-1.648,1.038
0.069,0.898,0.353,-0.427,-1.221,1.465
0.077,0.920,0.361,-0.427,-1.404,0.427
0.076,0.907,0.364,1.892,-2.197,0.427
0.067,0.890,0.371,3.723,-2.380,1.343
0.062,0.860,0.374,3.296,-1.953,1.282
0.068,0.867,0.387,1.160,-1.465,1.404
0.076,0.895,0.373,-0.061,-1.526,1.099
0.069,0.904,0.356,1.343,-1.343,1.465
0.072,0.901,0.362,3.113,-0.793,1.709
0.080,0.887,0.352,4.761,-0.793,1.587
0.084,0.877,0.362,4.883,-0.122,1.038
0.087,0.881,0.357,4.150,-0.122,1.099
0.087,0.882,0.353,3.540,-0.366,1.343
0.084,0.884,0.363,2.625,-0.854,1.221
0.080,0.888,0.361,2.197,-1.770,1.038
0.073,0.896,0.358,1.892,-1.221,0.977
0.075,0.892,0.367,1.465,-0.549,0.916
0.077,0.880,0.364,2.136,-0.427,1.099
0.075,0.872,0.368,2.258,-0.610,0.549
0.079,0.877,0.368,1.282,-0.610,0.488
0.082,0.881,0.365,0.854,-0.793,0.488
0.075,0.872,0.366,1.038,-0.366,0.122
0.071,0.875,0.356,1.282,0.000,0.183
0.080,0.890,0.374,0.488,0.183,-0.183
0.088,0.888,0.364,0.305,-0.488,0.000
0.076,0.883,0.365,0.427,-0.793,0.122
0.067,0.884,0.400,0.244,-0.549,0.122
0.067,0.879,0.378,0.916,-0.549,0.061
0.068,0.880,0.366,1.465,0.000,0.122
0.068,0.894,0.362,1.465,0.305,0.366
0.068,0.889,0.359,1.709,0.183,0.366
0.066,0.880,0.363,1.953,0.244,0.000
0.066,0.871,0.377,1.160,0.000,-0.305
0.072,0.862,0.375,0.488,-0.854,-0.366
-0.024,0.929,0.256,20.203,12.207,-3.052
-0.033,0.945,0.226,23.743,11.963,-3.601
-0.003,0.929,0.409,25.635,10.315,-4.395
-0.004,0.906,0.329,35.156,4.150,-5.554
0.077,0.839,0.306,34.302,3.784,-11.169
0.121,0.936,0.313,41.931,5.432,-16.479
0.046,1.062,0.198,54.443,13.184,-14.465
0.046,1.012,0.131,61.279,22.156,-5.859
0.215,0.814,0.117,64.880,25.696,1.892
0.414,0.724,0.369,70.496,21.851,4.517
0.407,0.854,0.609,65.735,11.353,4.822
0.122,0.835,0.411,41.687,-7.568,7.812
-0.022,0.728,0.339,22.888,-12.024,7.690
-0.034,0.804,0.342,13.000,-9.521,1.892
-0.011,0.967,0.358,-2.686,-2.991,0.427
0.031,1.082,0.379,-7.996,-1.526,0.610
0.054,1.032,0.365,5.554,-0.916,1.831
0.037,0.886,0.350,21.667,-0.854,3.296
0.051,0.816,0.367,22.583,0.793,2.136
0.082,0.821,0.378,12.085,1.709,1.282
0.082,0.872,0.380,-0.183,1.831,1.221
0.060,0.924,0.353,-5.554,0.305,-0.427
0.053,0.953,0.358,-3.662,-0.916,-0.122
0.061,0.930,0.371,0.610,-2.502,1.343
0.068,0.867,0.382,3.723,-4.211,1.709
0.053,0.856,0.371,3.418,-4.150,1.221
0.043,0.889,0.349,0.122,-2.380,0.732
0.054,0.904,0.350,-1.038,-1.038,1.404
0.070,0.884,0.343,0.977,-0.610,1.831
0.073,0.867,0.339,2.502,-0.305,1.892
0.074,0.883,0.366,2.808,-0.366,2.075
0.084,0.871,0.383,2.869,-1.709,1.953
0.089,0.838,0.378,3.479,-3.418,1.892
0.077,0.862,0.376,0.610,-3.784,1.404
0.064,0.906,0.383,-2.686,-3.418,1.282
0.066,0.906,0.375,-1.526,-3.357,0.549
0.069,0.875,0.375,1.831,-3.174,0.488
0.064,0.851,0.370,2.747,-2.136,0.793
0.066,0.866,0.364,1.038,-0.732,0.488
0.072,0.889,0.370,-0.122,0.305,0.061
0.079,0.883,0.368,1.526,0.122,-0.061
0.077,0.864,0.357,3.235,-0.305,-0.061
0.074,0.874,0.368,1.648,0.183,-0.427
0.083,0.875,0.365,-0.427,0.000,-0.793
0.081,0.875,0.370,-0.305,-0.366,-0.854
0.073,0.875,0.363,-0.122,-0.305,-0.854
0.068,0.875,0.369,-0.061,-0.366,-0.854
0.073,0.880,0.379,-0.427,-0.366,-1.221
0.076,0.881,0.368,-0.183,-0.916,-1.221
0.068,0.883,0.376,0.122,-0.977,-0.977
0.062,0.886,0.379,0.122,-1.038,-1.282
0.068,0.886,0.383,0.061,-0.732,-1.648
0.063,0.879,0.375,-0.061,-0.305,-1.526
0.058,0.876,0.370,-0.732,0.366,-1.709
0.059,0.885,0.373,-1.831,1.038,-1.648
0.065,0.891,0.382,-2.197,0.977,-1.587
0.066,0.894,0.379,-1.221,0.488,-1.587
0.062,0.888,0.381,-0.427,0.244,-1.160
0.059,0.880,0.388,-0.122,-0.061,-1.099
0.060,0.872,0.385,-0.793,-0.366,-1.160
0.060,0.876,0.370,-1.770,-0.427,-1.038
0.060,0.902,0.376,-2.502,-0.366,-1.282
0.069,0.907,0.375,-2.258,-0.732,-1.221
0.067,0.894,0.373,0.122,-1.526,-0.793
0.030,0.898,0.336,-6.836,10.620,-10.254
0.057,0.810,0.408,25.024,10.742,-9.033
0.031,0.806,0.358,52.673,5.737,-8.545
0.017,0.867,0.270,67.688,1.160,-12.268
0.012,0.986,0.278,66.956,2.197,-17.029
0.002,1.163,0.289,56.763,7.141,-20.081
0.065,1.148,0.250,50.354,16.785,-18.311
0.164,0.996,0.134,63.782,16.174,-11.108
0.106,0.953,0.031,77.454,18.127,0.549
0.156,0.930,0.214,58.594,31.433,12.146
0.355,0.832,0.213,40.527,29.785,13.611
0.483,0.792,0.445,28.992,18.616,9.338
0.125,0.875,0.478,24.780,2.258,10.437
-0.158,0.821,0.402,17.029,-4.822,14.282
-0.109,0.656,0.358,9.766,-6.042,8.545
0.033,0.890,0.439,-11.658,2.686,5.127
0.108,1.083,0.398,-21.790,0.061,2.686
0.028,0.974,0.370,-4.272,-4.700,4.089
-0.044,0.828,0.347,13.184,-3.845,4.883
-0.025,0.768,0.357,15.198,0.061,2.258
0.045,0.783,0.337,10.498,4.272,0.122
0.087,0.871,0.348,3.357,6.409,-3.662
0.099,0.902,0.355,0.183,6.042,-6.104
0.104,0.897,0.361,2.136,4.333,-5.188
0.109,0.872,0.368,3.479,2.014,-4.883
0.099,0.847,0.374,3.113,-0.183,-4.089
0.083,0.860,0.388,0.305,-1.099,-3.662
0.091,0.905,0.386,-3.052,-1.038,-3.235
0.089,0.914,0.356,-2.502,-1.892,-2.075
0.072,0.913,0.369,0.183,-1.404,-0.549
0.065,0.900,0.356,1.221,-0.793,0.366
0.068,0.904,0.353,0.122,-0.122,1.465
0.070,0.924,0.357,-0.916,-0.183,1.526
0.066,0.915,0.364,0.061,-0.977,1.343
0.066,0.897,0.373,2.197,-1.587,1.709
0.064,0.886,0.373,2.136,-1.587,0.916
0.067,0.889,0.376,1.160,-1.343,-0.305
0.075,0.900,0.382,0.671,-1.404,-0.549
0.075,0.894,0.380,0.427,-1.343,0.061
0.069,0.889,0.376,0.427,-1.404,0.366
0.069,0.886,0.370,0.244,-0.488,0.305
0.070,0.895,0.359,-0.305,0.854,0.061
0.076,0.906,0.351,-0.427,1.770,-0.366
0.083,0.906,0.353,-0.183,2.014,-0.549
0.083,0.894,0.354,0.427,1.343,-0.183
0.075,0.883,0.358,0.671,0.610,-0.122
0.071,0.895,0.362,-0.061,0.000,0.000
0.071,0.886,0.366,-0.366,-1.038,-0.244
0.069,0.874,0.372,0.305,-1.526,0.122
0.060,0.865,0.375,1.526,-1.526,0.610
0.061,0.880,0.364,1.709,-1.343,0.427
0.072,0.897,0.373,0.793,-1.038,0.122
0.077,0.886,0.361,2.014,-1.282,0.549
0.071,0.879,0.359,2.197,-1.343,0.427
0.069,0.890,0.354,1.953,-0.977,0.244
0.073,0.892,0.359,1.953,-0.916,0.488
0.074,0.883,0.358,2.258,-0.916,0.671
0.067,0.879,0.356,2.808,-1.221,0.549
0.061,0.883,0.359,2.197,-0.854,0.366
0.065,0.884,0.360,1.709,-0.793,0.549
0.065,0.880,0.355,2.075,-0.732,0.488
0.065,0.885,0.357,2.258,-0.732,0.122
0.067,0.877,0.357,2.441,-0.427,0.061
0.073,0.879,0.361,2.319,-0.244,0.122
-0.008,1.035,0.257,-16.479,9.155,-1.221
-0.014,0.952,0.255,2.258,9.521,-3.662
-0.038,0.838,0.337,23.682,8.972,-3.723
-0.029,0.776,0.442,30.090,6.836,-6.165
0.005,0.740,0.420,24.597,4.578,-11.169
0.006,0.807,0.259,18.250,2.686,-15.076
-0.022,0.963,0.147,22.522,8.301,-20.874
0.020,1.066,0.150,29.114,19.836,-20.813
0.104,1.158,0.168,43.396,23.804,-12.390
0.196,1.061,0.070,59.692,23.499,-6.409
0.476,0.733,0.229,56.702,23.682,-4.883
0.678,0.656,0.672,53.650,7.080,-3.540
0.226,0.845,0.556,50.537,-22.583,-5.127
-0.057,0.812,0.380,27.466,-26.917,-3.235
-0.114,0.868,0.267,16.602,-27.649,-3.113
-0.104,0.943,0.434,0.244,-7.690,-1.953
-0.013,0.912,0.306,-4.272,1.404,1.099
0.056,0.986,0.304,-3.113,7.568,1.770
0.052,1.005,0.297,1.160,8.850,1.221
0.058,0.945,0.289,12.695,8.423,0.916
0.092,0.864,0.330,15.991,7.935,0.916
0.115,0.844,0.336,12.451,5.249,0.488
0.091,0.870,0.349,4.089,2.075,-0.916
0.071,0.937,0.384,-2.136,-1.099,-2.197
0.060,0.947,0.373,-0.732,-5.066,-1.953
0.038,0.896,0.373,3.235,-7.080,-1.465
0.010,0.868,0.369,2.686,-6.226,-0.977
0.010,0.872,0.366,0.916,-3.174,-1.282
0.045,0.910,0.352,-0.244,-0.427,-0.671
0.071,0.927,0.331,-0.122,0.732,0.244
0.074,0.939,0.331,0.427,0.732,0.732
0.072,0.913,0.333,2.014,-0.549,1.953
0.071,0.876,0.349,3.723,-1.587,2.258
0.065,0.870,0.339,4.517,-1.953,1.526
0.060,0.885,0.346,2.747,-1.526,1.404
0.064,0.893,0.357,0.977,-1.343,1.099
0.062,0.902,0.373,0.854,-1.648,1.099
0.055,0.905,0.358,1.892,-2.014,1.221
0.056,0.912,0.342,2.686,-0.977,2.319
0.069,0.895,0.350,3.235,-0.610,2.808
0.070,0.873,0.353,3.723,-0.732,2.625
0.064,0.867,0.347,2.319,-0.305,2.380
0.069,0.885,0.345,0.977,-0.732,1.953
0.069,0.897,0.340,-0.061,-0.854,0.916
0.065,0.891,0.342,0.244,-0.183,0.916
0.065,0.887,0.355,1.160,0.549,0.854
0.064,0.886,0.348,2.380,0.793,1.099
0.068,0.904,0.347,2.991,1.770,1.038
0.077,0.896,0.345,2.869,1.770,1.160
0.074,0.875,0.347,3.723,1.404,0.916
0.066,0.877,0.358,2.747,1.465,0.793
0.069,0.873,0.366,1.465,0.977,0.183
0.077,0.879,0.356,0.854,0.366,-0.244
0.075,0.894,0.357,-0.488,0.244,-0.427
0.070,0.901,0.354,-0.854,-0.061,-0.427
0.066,0.893,0.367,-0.183,-0.183,-0.244
0.061,0.879,0.378,0.610,0.000,-0.122
0.054,0.887,0.349,0.793,0.916,-0.244
0.069,0.915,0.362,-0.793,1.709,-0.916
0.074,0.911,0.353,0.732,1.099,-0.366
0.062,0.884,0.358,2.991,1.038,-0.122
0.058,0.873,0.366,2.258,1.160,-0.183
0.063,0.872,0.376,0.244,0.916,-0.427
0.068,0.875,0.368,-0.610,0.916,-0.732
0.032,0.922,0.352,-11.169,6.165,-8.118
-0.012,0.815,0.340,24.536,3.418,-7.080
0.004,0.769,0.327,39.856,2.808,-4.333
0.020,0.820,0.312,36.499,0.793,-7.385
-0.016,0.967,0.280,27.832,2.869,-14.954
-0.031,1.077,0.184,21.240,8.484,-16.174
0.021,1.094,0.182,28.992,14.343,-12.268
0.103,1.021,0.158,49.561,16.235,-5.737
0.215,0.903,0.133,60.547,16.846,-4.333
0.481,0.770,0.314,54.016,18.860,-4.089
0.592,0.741,0.540,46.631,6.042,1.892
0.088,0.890,0.430,38.574,-13.306,4.272
-0.212,0.892,0.354,20.264,-10.986,4.822
-0.128,0.751,0.321,7.507,-14.526,2.136
-0.029,0.852,0.368,0.244,-3.601,1.160
0.045,0.944,0.312,-5.371,1.160,-1.282
0.033,1.010,0.310,-1.770,4.883,-2.747
0.050,0.980,0.325,7.874,4.883,-0.610
0.088,0.868,0.346,15.991,4.395,-0.305
0.094,0.811,0.348,16.479,3.174,0.305
0.069,0.849,0.374,7.385,3.174,-0.549
0.059,0.908,0.370,-0.916,2.747,-1.221
0.057,0.918,0.354,-1.221,0.427,-0.488
0.046,0.901,0.360,2.930,-1.404,-0.305
0.033,0.887,0.388,4.456,-2.869,0.427
0.030,0.882,0.363,2.930,-2.441,0.793
0.031,0.886,0.372,-0.427,-1.343,-0.488
0.043,0.902,0.375,-0.793,-0.183,-0.549
0.058,0.888,0.344,1.465,0.427,0.366
0.070,0.902,0.349,0.854,0.488,0.793
0.072,0.933,0.351,-0.854,-0.244,0.183
0.072,0.932,0.364,-0.244,-1.221,-0.305
0.061,0.921,0.352,1.831,-1.587,0.549
0.046,0.914,0.367,2.563,-1.343,1.099
0.043,0.900,0.361,2.686,-0.977,1.221
0.044,0.902,0.374,3.540,-0.732,1.343
0.049,0.886,0.359,4.211,-0.977,1.526
0.054,0.871,0.365,4.150,-1.282,1.526
0.062,0.879,0.364,1.892,-1.099,0.916
0.064,0.896,0.366,-1.221,-1.160,0.610
0.058,0.911,0.352,-2.380,-1.038,0.122
0.055,0.910,0.351,-1.038,-0.366,0.488
0.058,0.888,0.352,0.488,0.183,1.221
0.062,0.879,0.353,0.854,0.183,1.465
0.065,0.890,0.356,0.244,0.183,1.404
0.062,0.894,0.356,1.160,-0.244,1.587
0.057,0.896,0.361,2.930,-0.549,1.953
0.062,0.885,0.367,3.662,-0.732,1.831
0.063,0.880,0.364,4.150,-1.709,1.587
0.055,0.882,0.361,3.662,-1.770,1.465
0.051,0.880,0.355,2.808,-1.526,1.343
0.052,0.880,0.354,2.869,-1.404,0.977
0.056,0.876,0.347,2.747,-0.916,0.916
0.062,0.881,0.350,2.014,-0.549,0.671
0.066,0.883,0.353,0.854,-0.549,0.305
0.064,0.890,0.360,0.061,-1.160,0.427
0.058,0.891,0.351,0.488,-1.587,0.366
0.051,0.898,0.352,1.221,-1.648,0.061
0.054,0.897,0.358,2.441,-1.160,-0.244
0.056,0.881,0.358,3.540,-1.038,0.061
0.050,0.873,0.357,3.235,-1.099,0.061
0.053,0.879,0.357,1.953,-0.671,-0.732
0.060,0.887,0.355,0.671,-0.488,-0.732
0.061,0.883,0.363,-0.244,-0.549,-0.977
0.028,0.945,0.332,-13.489,3.540,-9.460
-0.011,0.757,0.397,34.729,6.409,-6.287
-0.029,0.781,0.272,53.955,5.371,-2.197
-0.013,0.867,0.271,42.664,7.629,-6.897
-0.026,0.984,0.206,30.090,11.169,-12.390
-0.043,1.078,0.218,27.222,15.381,-13.489
-0.019,1.047,0.110,37.659,23.621,-10.620
0.104,0.913,0.147,47.180,24.231,-7.812
0.203,0.951,0.275,58.289,19.714,-4.211
0.352,0.834,0.359,54.138,16.113,-3.113
0.576,0.607,0.444,46.448,9.216,-4.211
0.325,0.804,0.528,38.879,-6.104,-4.395
-0.140,1.044,0.340,18.860,-8.911,-0.916
-0.130,0.870,0.375,6.958,-9.705,2.197
-0.025,0.892,0.312,5.615,-4.944,4.761
0.067,0.916,0.378,-4.089,0.854,4.883
0.034,0.997,0.260,2.747,-1.099,3.418
-0.033,0.988,0.286,8.240,1.404,2.197
0.001,0.945,0.291,17.639,5.554,1.953
0.074,0.849,0.322,23.621,5.432,2.319
0.095,0.785,0.356,19.043,4.089,0.549
0.064,0.839,0.344,8.850,1.953,-1.770
0.041,0.893,0.367,0.854,0.488,-2.502
0.049,0.904,0.357,-0.427,-0.610,-2.258
0.050,0.903,0.354,0.488,-1.831,-1.160
0.035,0.907,0.362,1.038,-2.380,-0.732
0.030,0.927,0.359,1.343,-1.892,0.000
0.027,0.909,0.359,0.977,-1.282,0.610
0.031,0.888,0.350,1.465,0.366,0.549
0.048,0.897,0.371,1.343,1.099,0.854
0.057,0.886,0.370,0.427,0.427,1.221
0.058,0.894,0.378,-0.366,-0.366,1.038
0.054,0.910,0.376,-2.197,-1.526,0.671
0.047,0.920,0.373,-1.953,-1.892,0.366
0.048,0.911,0.368,-0.610,-1.648,1.099
0.050,0.905,0.367,2.197,-1.648,1.831
0.046,0.873,0.351,5.432,-0.793,2.380
0.045,0.889,0.340,7.385,0.488,2.869
0.067,0.912,0.344,5.859,1.038,3.052
0.076,0.895,0.340,6.409,-0.183,3.052
0.067,0.881,0.358,6.348,-1.221,2.625
0.058,0.895,0.366,4.333,-1.892,1.770
0.057,0.902,0.365,2.930,-2.319,0.916
0.058,0.897,0.368,2.808,-2.686,1.038
0.053,0.892,0.368,3.418,-2.869,1.221
0.048,0.885,0.383,3.540,-2.380,1.160
0.047,0.866,0.389,3.723,-2.075,1.343
0.053,0.862,0.377,2.380,-1.648,0.732
0.063,0.897,0.359,0.610,-0.610,0.427
0.064,0.911,0.345,-0.305,-0.061,0.610
0.060,0.894,0.348,0.977,0.000,0.488
0.056,0.879,0.347,2.197,-0.061,0.244
0.051,0.870,0.366,1.648,-0.366,-0.061
0.050,0.869,0.380,0.854,-0.793,-0.427
0.052,0.880,0.352,0.732,-1.709,-1.099
0.050,0.886,0.349,0.122,-1.709,-1.526
0.053,0.893,0.350,0.549,-1.343,-1.465
0.055,0.885,0.350,1.343,-1.038,-1.343
0.054,0.876,0.355,1.404,-1.038,-0.854
0.052,0.870,0.370,0.854,-1.587,-0.793
0.052,0.864,0.376,-0.366,-2.258,-1.038
0.051,0.880,0.364,-0.732,-2.197,-1.465
0.055,0.913,0.352,-1.282,-1.770,-1.648
0.053,0.906,0.355,0.122,-1.282,-1.282
-0.014,0.960,0.275,-13.672,5.859,-5.005
-0.005,0.876,0.296,10.681,6.104,-6.409
-0.027,0.850,0.383,36.072,7.385,-3.479
-0.040,0.853,0.294,46.997,3.723,-4.272
-0.061,0.902,0.249,43.091,1.099,-11.414
-0.068,0.963,0.205,36.194,7.629,-14.404
-0.018,0.958,0.147,35.339,14.099,-14.587
0.051,1.023,0.148,47.729,19.714,-14.038
0.142,1.074,0.114,59.631,26.428,-7.385
0.333,0.829,0.135,52.490,28.809,-3.784
0.620,0.664,0.515,45.349,25.208,-0.610
0.419,0.811,0.590,38.574,1.160,2.869
-0.069,0.928,0.368,25.452,-16.968,1.282
-0.139,0.794,0.345,11.108,-17.273,1.526
-0.099,0.908,0.305,7.935,-9.338,1.831
0.007,0.910,0.430,-2.319,1.282,2.075
0.060,0.936,0.325,0.671,2.441,3.479
0.040,0.989,0.326,2.563,4.211,4.456
0.023,0.990,0.307,7.629,4.944,2.625
0.048,0.907,0.330,13.550,3.967,2.625
0.066,0.816,0.344,14.648,2.380,2.014
0.051,0.824,0.353,7.996,0.977,-0.732
0.033,0.899,0.362,0.732,1.404,-2.930
0.051,0.943,0.331,-0.854,0.916,-3.479
0.056,0.938,0.359,1.953,0.305,-1.892
0.044,0.885,0.388,6.775,-1.160,-0.977
0.029,0.848,0.373,7.996,-1.831,-1.404
0.041,0.884,0.357,2.808,-1.282,-0.916
0.043,0.940,0.352,-1.770,-1.221,-0.244
0.039,0.950,0.346,-2.014,-1.282,0.610
0.043,0.943,0.340,1.221,-0.793,1.892
0.052,0.900,0.342,3.845,-1.038,2.869
0.048,0.874,0.336,4.761,-1.404,3.479
0.038,0.896,0.344,3.174,-0.671,2.258
0.046,0.917,0.350,1.282,0.122,2.197
0.051,0.908,0.362,1.709,-0.488,2.136
0.044,0.894,0.370,2.625,-0.977,1.770
0.040,0.893,0.363,2.747,-1.160,1.343
0.046,0.890,0.367,1.892,-0.916,1.160
0.052,0.885,0.356,1.770,-0.671,1.465
0.061,0.891,0.356,0.916,-0.488,1.221
0.065,0.900,0.357,0.610,-0.610,0.916
0.059,0.895,0.357,1.587,-0.977,0.854
0.055,0.883,0.352,2.563,-1.221,0.854
0.052,0.884,0.349,3.174,-1.099,0.488
0.054,0.896,0.353,2.625,-1.160,0.244
0.058,0.894,0.368,1.892,-1.465,0.061
0.056,0.884,0.348,2.319,-1.831,0.183
0.050,0.887,0.350,1.465,-1.709,-0.183
0.057,0.895,0.353,0.305,-1.526,-0.122
0.063,0.899,0.349,0.061,-1.709,0.244
0.055,0.905,0.349,1.221,-1.831,0.793
0.042,0.896,0.347,2.136,-1.831,0.793
0.040,0.889,0.348,2.258,-1.038,0.793
0.046,0.883,0.352,1.648,-0.244,0.671
0.050,0.880,0.352,1.404,0.000,0.122
0.047,0.882,0.356,0.977,0.183,-0.061
0.044,0.888,0.344,0.977,0.427,-0.305
0.047,0.887,0.349,0.671,0.854,-0.366
0.053,0.888,0.352,0.305,0.793,-0.244
0.050,0.889,0.354,0.366,0.549,0.000
0.046,0.889,0.356,-0.061,0.122,0.061
0.041,0.872,0.347,0.671,-0.732,0.000
0.042,0.884,0.343,0.610,-0.854,-0.061
0.016,0.868,0.312,24.780,6.592,-5.432
-0.016,0.787,0.279,34.485,1.160,-7.141
-0.049,0.778,0.292,40.466,-1.892,-13.367
-0.104,0.917,0.207,37.170,1.709,-20.264
-0.089,1.034,0.234,27.588,10.010,-23.621
0.017,1.062,0.282,25.574,14.587,-23.621
0.151,1.056,0.360,32.043,13.428,-17.578
0.197,1.005,0.139,46.204,12.573,-8.911
0.234,0.803,0.095,46.143,14.954,-1.282
0.289,0.762,0.289,43.091,16.418,3.540
0.256,0.910,0.489,34.058,13.550,4.395
0.041,0.904,0.427,25.940,-0.366,3.418
-0.024,0.785,0.366,14.709,-6.042,4.639
0.007,0.746,0.374,7.629,-4.883,3.235
0.007,0.876,0.407,-0.916,-0.183,1.343
0.017,0.969,0.341,-9.338,-0.793,1.160
0.008,1.027,0.368,-6.287,0.549,2.319
-0.005,0.951,0.329,6.531,1.587,2.563
0.006,0.846,0.338,17.151,3.113,2.014
0.042,0.804,0.354,15.381,4.944,1.282
0.063,0.840,0.364,7.996,5.676,-0.793
0.062,0.915,0.365,1.709,4.822,-1.404
0.054,0.932,0.338,-0.610,3.052,-0.977
0.047,0.920,0.352,0.854,1.282,-0.793
0.049,0.907,0.373,1.831,-0.366,-0.732
0.038,0.882,0.369,2.808,-2.563,-0.122
0.019,0.882,0.379,3.906,-2.930,-0.061
0.014,0.859,0.368,3.601,-2.380,0.000
0.028,0.862,0.359,0.793,-1.404,0.061
0.036,0.902,0.345,-2.991,0.488,0.793
0.042,0.922,0.350,-3.906,1.648,0.610
0.057,0.935,0.361,-1.648,1.282,-0.061
0.061,0.923,0.353,1.038,0.183,0.610
0.049,0.890,0.365,2.136,-0.610,1.221
0.042,0.883,0.368,1.953,-1.221,0.305
0.041,0.885,0.364,0.732,-0.977,0.122
0.040,0.902,0.354,-0.183,-0.427,0.488
0.045,0.910,0.363,-1.587,0.366,0.732
0.051,0.899,0.360,-0.244,-0.305,0.793
0.045,0.888,0.371,1.221,-0.671,1.160
0.047,0.879,0.382,1.526,-1.404,0.854
0.046,0.884,0.355,2.075,-1.953,0.244
0.045,0.900,0.344,3.235,-1.587,0.122
0.050,0.904,0.348,4.028,-1.038,0.061
0.062,0.900,0.354,4.639,-0.854,0.000
0.057,0.880,0.369,4.883,-1.221,0.183
0.044,0.874,0.364,3.357,-1.160,0.244
0.045,0.896,0.350,1.160,-1.038,-0.488
0.049,0.910,0.346,0.000,-0.610,-0.854
0.045,0.907,0.351,0.916,-0.366,-0.427
0.041,0.887,0.356,1.709,-0.610,-0.427
0.033,0.867,0.371,1.221,-0.793,-0.549
0.037,0.862,0.366,0.061,-0.732,-1.099
0.045,0.882,0.354,-0.671,-1.099,-1.587
0.043,0.906,0.352,-1.282,-0.732,-1.343
0.042,0.902,0.358,-0.366,-0.793,-1.343
0.046,0.870,0.367,0.732,-1.160,-0.916
0.042,0.877,0.361,0.916,-0.916,-0.549
0.045,0.907,0.351,-0.427,-0.671,-0.732
0.043,0.898,0.352,-0.366,-0.916,-0.732
0.038,0.884,0.359,0.305,-0.854,-0.427
0.036,0.881,0.359,-0.610,-0.793,-0.488
0.039,0.882,0.363,-1.587,-0.366,-0.916
0.042,0.904,0.347,-2.075,-0.244,-0.916
-0.011,0.825,0.318,24.353,1.160,1.465
0.004,0.909,0.416,23.865,-4.456,-2.014
0.010,0.964,0.421,26.978,-7.080,-5.493
-0.003,0.865,0.379,18.494,-13.062,-10.681
0.009,0.838,0.295,25.330,-15.076,-11.963
0.006,0.915,0.167,33.447,-9.644,-7.446
-0.031,1.049,0.062,32.166,-0.305,-6.104
0.012,1.180,-0.033,36.682,14.526,-6.104
0.160,1.209,-0.067,41.260,29.968,-3.418
0.379,0.942,0.146,41.321,33.081,2.563
0.403,0.757,0.598,66.345,16.235,11.108
0.115,0.774,0.615,75.745,-5.554,14.771
-0.112,0.535,0.431,39.246,-25.757,5.859
-0.166,0.561,0.356,16.479,-22.583,-4.150
-0.091,0.965,0.404,-5.432,-7.324,-6.226
-0.015,1.069,0.356,-16.357,-1.831,-6.226
0.027,0.960,0.340,-3.845,0.488,-2.563
0.030,0.930,0.305,10.315,2.747,0.244
0.039,0.899,0.349,11.169,5.066,-1.343
0.065,0.878,0.361,11.169,5.005,-1.526
0.076,0.868,0.363,9.033,3.540,-2.258
0.055,0.884,0.370,4.333,1.343,-2.869
0.029,0.916,0.386,0.427,-1.343,-3.113
0.014,0.910,0.376,0.549,-3.235,-2.441
0.009,0.897,0.382,2.258,-4.395,-1.404
-0.001,0.899,0.383,2.930,-3.723,-1.831
-0.001,0.910,0.365,2.625,-1.953,-3.052
0.023,0.920,0.351,1.099,-0.916,-1.770
0.041,0.915,0.356,0.793,-0.854,0.244
0.038,0.895,0.347,1.160,-1.404,0.916
0.036,0.894,0.344,0.854,-1.282,1.465
0.038,0.910,0.343,1.038,-0.916,1.892
0.043,0.915,0.350,1.526,-1.038,1.953
0.038,0.909,0.360,2.075,-1.770,1.709
0.028,0.906,0.362,2.319,-1.709,1.770
0.023,0.908,0.374,2.258,-2.136,1.160
0.026,0.897,0.371,3.479,-2.563,0.488
0.025,0.885,0.364,4.089,-1.953,0.549
0.027,0.888,0.361,2.625,-1.038,0.732
0.030,0.886,0.360,1.282,-0.549,0.610
0.033,0.877,0.355,0.732,-0.122,0.244
0.040,0.881,0.348,0.854,0.061,-0.122
0.044,0.894,0.354,0.305,0.366,0.122
0.042,0.895,0.360,0.305,0.427,0.061
0.038,0.893,0.367,0.305,0.061,0.122
0.034,0.886,0.363,-0.305,-0.061,0.122
0.035,0.891,0.361,-0.549,-0.122,0.305
0.032,0.897,0.357,-0.061,0.061,0.854
0.023,0.892,0.367,0.732,0.427,1.526
0.026,0.875,0.372,1.770,0.305,1.465
0.031,0.863,0.356,1.709,0.122,0.610
0.036,0.878,0.349,0.977,0.366,0.244
0.039,0.896,0.345,0.549,0.427,0.305
0.039,0.895,0.344,1.038,0.549,0.183
0.032,0.878,0.359,1.831,0.122,0.183
0.029,0.862,0.364,0.916,-0.305,0.061
0.034,0.882,0.351,-0.427,-0.549,-0.610
0.039,0.903,0.357,-1.099,-0.610,-0.916
0.034,0.902,0.353,0.244,-0.732,-0.854
0.026,0.890,0.352,1.648,-0.427,-0.916
0.029,0.881,0.362,1.343,0.305,-0.854
0.039,0.881,0.373,0.549,0.732,-0.854
0.041,0.880,0.353,-0.122,0.549,-1.465
0.041,0.899,0.343,-0.793,0.488,-1.831
-0.013,0.820,0.276,25.452,2.258,-7.141
-0.013,0.846,0.333,29.358,2.197,-7.874
0.010,0.883,0.330,20.264,0.977,-9.583
0.004,0.922,0.224,10.376,-0.122,-13.977
-0.014,0.996,0.210,10.254,2.380,-17.334
0.005,0.982,0.257,17.578,7.324,-15.320
0.065,0.908,0.247,28.992,9.155,-10.315
0.092,0.890,0.115,42.969,10.803,-9.766
0.187,0.808,0.165,41.443,16.602,-8.484
0.499,0.731,0.476,22.827,18.616,-5.737
0.498,0.926,0.538,27.100,-1.404,-4.822
0.025,1.053,0.265,23.926,-21.484,-5.737
-0.162,0.898,0.342,10.193,-21.790,-4.150
-0.164,0.933,0.276,15.808,-16.663,-2.014
-0.074,0.943,0.331,10.986,0.488,3.113
0.020,0.935,0.302,13.184,5.493,5.127
0.036,0.945,0.313,14.954,8.362,4.150
0.019,0.935,0.301,16.907,8.484,3.418
0.019,0.914,0.337,17.883,9.094,4.211
0.055,0.852,0.359,15.930,7.141,3.723
0.072,0.820,0.353,8.606,3.967,1.282
0.060,0.894,0.362,0.000,1.343,-0.183
0.031,0.945,0.362,-2.319,-1.160,-0.244
0.009,0.922,0.369,1.648,-2.686,0.793
-0.006,0.888,0.355,3.723,-1.343,1.648
0.002,0.919,0.345,3.052,1.221,1.587
0.024,0.922,0.341,2.808,2.869,0.854
0.035,0.890,0.342,3.418,2.563,1.709
0.041,0.881,0.357,2.808,1.709,1.648
0.052,0.900,0.346,0.977,0.061,1.404
0.048,0.918,0.358,0.000,-1.465,2.075
0.037,0.911,0.372,1.892,-2.686,1.526
0.036,0.891,0.372,3.723,-3.174,1.526
0.036,0.878,0.363,2.991,-2.930,1.587
0.034,0.892,0.354,2.258,-2.075,1.709
0.035,0.907,0.348,1.404,-0.977,1.282
0.043,0.922,0.359,0.916,-0.183,0.732
0.053,0.910,0.346,2.380,-0.061,1.038
0.054,0.890,0.349,3.418,-0.366,1.526
0.052,0.885,0.349,2.686,-0.183,0.977
0.053,0.884,0.361,1.343,-0.793,0.366
0.046,0.878,0.346,-0.183,-1.160,0.000
0.042,0.882,0.330,-1.587,-0.488,0.061
0.051,0.902,0.344,-2.686,0.244,-0.366
0.057,0.901,0.350,-2.930,-0.244,-0.244
0.053,0.887,0.353,-1.282,-0.854,-0.122
0.046,0.890,0.341,0.183,-1.404,-0.122
0.050,0.906,0.349,-0.916,-1.465,-0.549
0.056,0.903,0.340,-0.122,-1.892,-0.549
0.047,0.895,0.351,0.793,-1.709,0.000
0.040,0.877,0.355,1.282,-1.404,0.000
0.041,0.876,0.343,1.648,-1.526,-0.610
0.049,0.898,0.342,0.427,-1.160,-0.793
0.046,0.907,0.341,0.000,-1.038,-0.549
0.039,0.882,0.347,1.343,-0.793,-0.244
0.031,0.885,0.339,2.625,-0.916,-0.427
0.038,0.898,0.342,1.709,-0.244,-1.099
0.047,0.899,0.344,0.732,-0.488,-1.160
0.043,0.885,0.343,1.465,-0.916,-0.916
0.032,0.884,0.342,0.977,-0.977,-0.793
0.030,0.894,0.342,-0.549,-0.305,-0.977
0.037,0.907,0.333,-1.038,0.610,-0.732
0.041,0.905,0.334,-0.366,0.549,-0.671
0.038,0.890,0.339,0.061,0.427,-0.854
-0.015,0.811,0.420,34.729,0.610,-3.601
0.001,0.822,0.286,29.724,-2.563,-5.432
0.016,0.855,0.241,14.954,-0.549,-9.216
-0.019,0.955,0.266,10.620,2.563,-13.062
-0.009,1.030,0.217,17.334,0.732,-14.404
0.039,0.980,0.146,26.123,-0.427,-13.611
0.084,0.964,0.152,34.973,6.104,-9.033
0.144,1.036,0.099,40.833,12.878,-2.991
0.339,0.910,0.230,37.781,15.991,1.221
0.510,0.725,0.504,37.781,7.690,4.944
0.173,0.870,0.467,42.236,-9.949,6.897
-0.203,0.864,0.368,22.644,-19.348,4.456
-0.143,0.817,0.403,5.920,-18.860,-0.916
-0.039,0.921,0.336,3.662,-16.907,-2.197
-0.005,0.878,0.335,3.296,-3.662,-1.160
-0.031,0.914,0.209,5.737,2.441,-1.892
-0.011,0.981,0.262,5.066,9.460,-0.244
0.060,0.979,0.274,8.545,11.475,0.427
0.100,0.893,0.328,13.428,9.583,1.343
0.091,0.806,0.339,13.000,5.066,0.916
0.055,0.842,0.319,6.470,1.160,-1.343
0.028,0.912,0.331,-0.549,0.000,-2.930
0.019,0.932,0.345,-1.221,-1.038,-3.113
0.024,0.922,0.375,1.160,-1.404,-2.625
0.025,0.905,0.378,3.601,-1.770,-2.075
0.026,0.901,0.364,4.272,-1.648,-2.136
0.033,0.914,0.368,0.671,-0.916,-0.916
0.037,0.906,0.354,-2.136,-1.221,0.061
0.035,0.905,0.351,-2.014,-0.977,0.549
0.041,0.925,0.351,-1.892,-0.732,1.648
0.045,0.915,0.348,-0.671,-0.793,2.380
0.042,0.912,0.336,2.258,-0.671,2.075
0.038,0.924,0.336,3.723,-0.183,0.977
0.045,0.921,0.352,3.235,0.732,1.648
0.045,0.905,0.355,3.418,0.549,1.953
0.036,0.896,0.366,2.563,0.244,1.282
0.036,0.904,0.346,1.526,0.061,1.221
0.042,0.911,0.350,0.488,0.488,1.770
0.041,0.901,0.355,0.488,0.305,1.404
0.044,0.891,0.348,1.343,-0.061,0.854
0.042,0.887,0.331,1.221,-0.366,1.099
0.043,0.902,0.346,0.671,0.122,0.854
0.051,0.900,0.348,0.793,0.366,0.793
0.053,0.889,0.341,0.793,-0.244,0.793
0.044,0.896,0.347,1.221,-0.488,0.977
0.044,0.902,0.349,1.404,-0.977,0.916
0.043,0.895,0.358,1.831,-1.648,0.793
0.041,0.897,0.366,1.343,-1.709,0.916
0.041,0.892,0.353,1.160,-1.831,0.977
0.036,0.886,0.342,1.099,-1.709,0.916
0.032,0.892,0.333,0.732,-0.793,0.610
0.040,0.887,0.329,0.671,0.122,0.549
0.049,0.897,0.332,0.854,0.244,0.793
0.050,0.899,0.338,0.305,-0.305,0.549
0.046,0.889,0.334,0.427,-1.038,0.366
0.036,0.891,0.338,0.549,-1.343,0.610
0.032,0.900,0.344,0.610,-1.160,0.549
0.031,0.890,0.330,1.343,-1.099,0.488
0.030,0.898,0.333,0.977,-0.671,0.549
0.035,0.905,0.337,0.732,-0.305,0.610
0.036,0.891,0.339,1.160,-0.549,0.732
0.033,0.879,0.343,1.465,-0.732,0.122
0.037,0.881,0.341,0.916,-0.366,-0.122
0.042,0.900,0.337,-0.061,-0.366,-0.366
0.041,1.000,0.328,-1.526,7.202,-5.188
0.067,0.836,0.400,25.879,2.808,-5.493
0.002,0.737,0.363,44.006,-0.244,-0.732
0.000,0.753,0.340,38.818,-4.211,-1.160
0.014,0.869,0.335,25.696,-4.883,-4.822
-0.036,0.999,0.288,16.663,-4.761,-11.414
-0.029,1.054,0.255,19.531,-0.549,-15.930
0.017,1.062,0.152,38.513,-1.587,-12.207
0.023,1.107,0.037,57.495,1.099,-6.897
0.025,1.015,0.161,53.040,10.925,-0.549
0.105,0.873,0.166,59.326,14.832,4.822
0.269,0.745,0.118,53.894,17.395,5.005
0.374,0.742,0.422,38.391,19.592,4.822
0.101,0.860,0.469,32.166,2.808,6.714
-0.097,0.732,0.453,16.907,-9.827,4.150
-0.032,0.645,0.354,0.549,-14.282,-1.099
-0.036,0.930,0.352,-16.479,-6.287,-3.418
-0.042,1.114,0.366,-21.423,2.747,-3.967
-0.013,1.074,0.327,-5.920,3.540,-1.343
0.027,0.915,0.348,11.292,5.188,3.418
0.034,0.822,0.345,18.311,7.080,4.333
0.019,0.834,0.368,12.268,8.789,2.747
0.034,0.883,0.366,4.211,9.216,1.221
0.039,0.876,0.337,1.404,7.874,-0.488
0.031,0.906,0.361,-0.610,6.287,-1.343
0.027,0.941,0.376,-0.854,3.967,-1.465
0.015,0.914,0.360,2.380,1.160,-1.038
0.016,0.896,0.364,5.615,0.244,-1.282
0.025,0.880,0.376,6.653,0.366,-2.136
0.030,0.881,0.365,4.150,0.366,-2.869
0.031,0.904,0.373,-2.869,-0.977,-2.563
0.037,0.912,0.367,-3.662,-1.160,-0.916
0.040,0.900,0.362,-2.563,-1.770,-0.427
0.039,0.907,0.362,-2.014,-2.075,-0.793
0.038,0.906,0.356,-1.221,-1.892,-1.221
0.042,0.911,0.347,0.366,-0.977,-1.038
0.037,0.901,0.346,1.404,-0.549,-0.610
0.034,0.886,0.353,1.709,0.061,0.122
0.037,0.891,0.359,1.892,0.000,0.366
0.038,0.894,0.347,0.671,-0.549,0.000
0.040,0.906,0.343,-1.709,-0.427,-0.732
0.043,0.929,0.354,-1.709,-0.183,-0.671
0.038,0.907,0.350,0.610,-0.793,-0.183
0.030,0.882,0.354,1.892,-0.732,-0.061
0.031,0.892,0.341,1.038,0.000,0.061
0.035,0.902,0.346,-0.610,0.671,0.061
0.040,0.913,0.351,0.000,0.549,0.183
0.040,0.907,0.345,2.441,-0.488,0.671
0.030,0.895,0.343,4.211,-1.282,0.916
0.024,0.890,0.347,4.028,-1.465,0.793
0.027,0.892,0.350,3.601,-1.282,0.793
0.031,0.887,0.353,3.357,-1.282,1.038
0.032,0.884,0.354,2.991,-2.014,0.793
0.027,0.886,0.349,1.709,-2.136,-0.061
0.025,0.887,0.357,0.916,-1.648,-0.488
0.032,0.882,0.348,2.258,-1.465,-0.244
0.036,0.891,0.344,2.380,-0.977,-0.305
0.042,0.893,0.345,1.343,-0.671,-0.488
0.042,0.888,0.344,1.282,-0.854,-0.244
0.036,0.889,0.344,0.671,-0.977,-0.244
0.033,0.893,0.344,0.427,-0.793,-0.183
0.030,0.900,0.343,0.122,-0.732,0.183
0.029,0.894,0.351,0.305,-0.732,0.122
0.026,0.894,0.355,1.038,-0.732,0.000
-0.051,0.837,0.306,46.509,2.747,-3.967
-0.027,0.838,0.373,48.218,2.258,-8.728
0.021,0.814,0.396,34.363,2.075,-11.536
0.014,0.859,0.316,23.743,0.610,-12.878
0.010,0.951,0.241,18.799,2.197,-13.550
0.026,0.984,0.203,18.860,7.080,-12.024
0.042,1.003,0.142,29.236,9.766,-7.935
0.039,0.990,0.109,32.715,9.521,-5.554
0.084,0.940,0.114,31.738,13.367,-6.042
0.266,0.766,0.261,31.433,19.348,-6.104
0.405,0.700,0.493,35.095,14.465,-5.127
0.155,0.964,0.472,38.879,-0.305,-2.686
-0.066,0.917,0.428,25.757,-14.221,-5.371
-0.031,0.705,0.338,23.743,-20.935,-9.277
-0.029,0.790,0.348,16.052,-11.414,-9.033
-0.027,0.981,0.348,-3.174,2.197,-5.554
0.034,1.013,0.308,-7.263,5.737,-4.272
0.068,0.978,0.297,1.099,6.714,-3.296
0.052,0.954,0.234,8.667,6.653,-2.563
0.039,0.917,0.286,14.404,8.484,-2.441
0.071,0.889,0.331,15.198,9.583,-2.258
0.101,0.845,0.345,9.949,6.958,-1.953
0.093,0.861,0.370,1.221,1.831,-3.113
0.052,0.938,0.371,-5.554,-2.136,-4.089
0.013,0.974,0.363,-5.737,-3.601,-3.784
-0.002,0.922,0.356,-1.465,-2.808,-2.502
0.009,0.873,0.362,2.197,-1.465,-1.343
0.030,0.858,0.350,2.380,0.061,-1.343
0.042,0.896,0.341,-1.343,1.526,-1.587
0.052,0.939,0.330,-4.333,1.953,-1.648
0.058,0.951,0.321,-4.578,1.953,-1.282
0.065,0.942,0.322,-1.526,1.892,-0.488
0.064,0.928,0.328,1.526,1.404,0.977
0.055,0.899,0.351,3.174,1.038,1.953
0.050,0.895,0.355,3.296,0.061,2.197
0.044,0.906,0.359,1.099,-1.038,0.854
0.042,0.915,0.358,-0.549,-1.709,0.244
0.036,0.899,0.361,0.000,-1.831,0.671
0.032,0.892,0.338,2.014,-1.404,1.160
0.042,0.919,0.336,2.441,-0.183,1.465
0.054,0.918,0.325,2.380,0.366,1.770
0.057,0.912,0.327,3.967,0.305,1.953
0.052,0.898,0.341,4.456,0.061,1.892
0.050,0.889,0.327,4.089,-0.305,1.892
0.050,0.898,0.341,1.587,-0.183,2.075
0.051,0.907,0.340,0.305,-0.671,1.160
0.048,0.903,0.354,0.488,-1.343,1.221
0.038,0.890,0.364,0.854,-1.465,1.465
0.032,0.880,0.333,1.770,-1.282,1.465
0.037,0.900,0.323,1.648,-0.122,1.343
0.052,0.916,0.328,1.160,0.916,1.404
0.059,0.901,0.328,2.441,0.671,1.160
0.052,0.888,0.331,2.747,0.366,1.465
0.045,0.888,0.348,1.587,-0.244,1.587
0.044,0.889,0.332,0.916,-1.099,0.977
0.041,0.894,0.331,0.427,-1.099,0.671
0.042,0.903,0.335,0.732,-0.366,0.793
0.046,0.893,0.333,1.465,0.061,1.160
0.046,0.883,0.345,1.343,0.061,1.038
0.048,0.883,0.347,0.977,-0.244,1.038
0.047,0.894,0.334,0.977,-0.610,0.854
0.048,0.906,0.329,-0.061,0.122,0.854
0.050,0.907,0.327,0.122,0.244,0.854
0.055,0.905,0.333,0.732,0.610,0.916
0.007,0.983,0.338,-15.320,8.179,-3.296
-0.037,0.905,0.286,-3.357,9.583,-5.005
-0.014,0.846,0.208,10.193,7.568,-7.080
0.038,0.815,0.303,26.184,9.094,-6.531
0.014,0.869,0.299,30.640,6.775,-6.226
-0.010,0.942,0.303,22.217,3.357,-8.911
-0.017,0.954,0.343,18.127,4.578,-10.193
0.023,0.974,0.294,32.837,2.441,-10.498
0.068,0.990,0.155,53.528,0.610,-10.559
0.064,0.906,0.132,55.298,6.714,-6.897
0.105,0.835,0.143,49.683,11.475,-4.150
0.267,0.861,0.358,41.138,13.672,-3.052
0.376,0.891,0.392,39.612,7.996,0.000
0.239,0.870,0.430,33.325,-7.568,1.221
-0.017,0.865,0.289,29.053,-16.235,2.014
-0.100,0.859,0.323,16.846,-13.794,-1.038
-0.075,0.943,0.368,5.310,-7.874,-2.380
-0.008,0.980,0.354,-0.183,-2.075,-0.427
0.040,0.976,0.356,4.272,0.122,1.099
0.031,0.891,0.319,11.414,-0.793,2.502
0.016,0.828,0.319,12.146,-0.427,2.197
0.026,0.857,0.320,7.385,0.366,0.732
0.029,0.931,0.306,2.808,1.831,-1.282
0.035,0.989,0.309,2.686,2.563,-1.953
0.034,0.955,0.335,5.676,2.136,-0.244
0.027,0.875,0.352,9.949,0.488,1.099
0.013,0.854,0.363,7.568,-0.793,1.038
0.014,0.882,0.375,2.014,-0.916,0.305
0.015,0.896,0.362,1.160,-2.136,-0.732
0.018,0.916,0.359,-0.366,-2.808,-0.977
0.022,0.927,0.367,-2.380,-2.869,-0.244
0.025,0.926,0.353,-1.892,-2.563,0.244
0.033,0.915,0.347,-0.610,-1.709,1.648
0.033,0.904,0.332,0.977,-1.404,1.648
0.037,0.900,0.344,0.305,-0.183,0.854
0.041,0.898,0.338,0.549,-0.366,0.671
0.034,0.904,0.342,0.366,-0.183,0.793
0.036,0.911,0.344,0.305,-0.061,0.854
0.034,0.900,0.340,0.977,-0.793,0.732
0.028,0.901,0.346,1.160,-0.854,1.160
0.028,0.906,0.347,1.465,-0.427,1.160
0.034,0.906,0.340,2.563,-0.427,1.099
0.038,0.897,0.331,3.906,-0.366,1.526
0.034,0.890,0.331,4.089,-0.366,1.648
0.032,0.890,0.344,3.540,-0.366,1.282
0.036,0.898,0.341,2.686,0.061,1.648
0.036,0.905,0.346,1.465,0.122,1.343
0.029,0.902,0.340,1.709,-0.061,1.465
0.026,0.898,0.349,1.648,0.671,1.648
0.025,0.904,0.340,1.770,1.221,1.831
0.029,0.909,0.342,1.831,1.526,1.892
0.033,0.899,0.341,3.479,1.282,2.197
0.035,0.884,0.344,3.540,1.038,2.136
0.032,0.882,0.342,3.052,0.610,1.831
0.031,0.881,0.339,1.953,0.916,1.465
0.035,0.877,0.330,1.770,0.916,1.221
0.041,0.896,0.340,0.488,1.160,0.854
0.046,0.903,0.342,-0.671,0.916,0.549
0.040,0.902,0.344,0.366,0.183,0.488
0.030,0.902,0.347,1.465,0.061,0.671
0.030,0.892,0.359,1.526,0.000,0.610
0.029,0.879,0.359,2.014,-0.549,0.061
0.027,0.881,0.350,0.977,-0.427,-0.427
0.027,0.899,0.350,0.305,-0.183,-0.488